Year,Economic activity,Gender,Economically active population,Monthly average wage,Paid employment workers,Sector GDP,Bachelors,Diploma,Master,Doctorate,Pre-University Diploma
1/1/2011,"Agriculture, forestry and fishing",Female,46,2765,46,590,0,0,0,0,0
1/1/2011,Mining and quarrying,Female,2487,18237,2441,359227,0,0,0,0,0
1/1/2011,Manufacturing,Female,600,10217,600,57789,0,0,0,0,0
1/1/2011,"Electricity, gas, steam and air conditioning supply",Female,390,13807,390,795,0,0,0,0,0
1/1/2011,"Water supply; sewerage, waste management and remediation activities",Female,0,0,0,795,0,0,0,0,0
1/1/2011,Construction,Female,2851,10745,2836,28515,0,0,0,0,0
1/1/2011,Wholesale and retail trade; repair of motor vehicles and motorcycles,Female,5407,7738,5121,32184,0,0,0,0,0
1/1/2011,Transportation and storage,Female,3956,8716,3910,14043,0,0,0,0,0
1/1/2011,Accommodation and food service activities,Female,2564,6602,2548,3926,0,0,0,0,0
1/1/2011,Information and communication,Female,1873,13540,1873,7370,0,0,0,0,0
1/1/2011,Financial and insurance activities,Female,2754,13516,2689,33993,0,0,0,0,0
1/1/2011,Real estate activities,Female,432,12208,416,23564,0,0,0,0,0
1/1/2011,"Professional, scientific and technical activities",Female,1367,10562,1284,6404,78,0,0,0,0
1/1/2011,Administrative and support service activities,Female,2540,7798,2444,6404,166,0,20,0,0
1/1/2011,Public administration and defence; compulsory social security,Female,13745,14417,13648,26580,113,0,0,0,0
1/1/2011,Education,Female,16607,12958,16338,6791,42,17,6,0,0
1/1/2011,Human health and social work activities,Female,10562,13176,10530,6209,18,0,0,0,0
1/1/2011,"Arts, entertainment and recreation",Female,758,13657,742,2459.5,392,0,0,0,0
1/1/2011,Other service activities,Female,316,10745,316,2459.5,0,0,0,0,0
1/1/2011,Activities of households as employers; undifferentiated goods- and services-producing activities of households for own use,Female,83792,2409,83792,2012,0,0,0,0,0
1/1/2011,"Agriculture, forestry and fishing",Male,17241,3153,17047,590,0,0,0,0,0
1/1/2011,Mining and quarrying,Male,79422,15110,79367,359227,0,0,0,0,0
1/1/2011,Manufacturing,Male,100404,6537,99841,57789,0,0,0,0,0
1/1/2011,"Electricity, gas, steam and air conditioning supply",Male,5041,18975,5026,795,0,0,0,0,0
1/1/2011,"Water supply; sewerage, waste management and remediation activities",Male,1184,11529,1138,795,0,0,0,0,0
1/1/2011,Construction,Male,494780,4659,492783,28515,0,0,0,0,0
1/1/2011,Wholesale and retail trade; repair of motor vehicles and motorcycles,Male,136581,5329,134581,32184,0,0,0,0,0
1/1/2011,Transportation and storage,Male,29003,7389,28509,14043,0,0,0,0,0
1/1/2011,Accommodation and food service activities,Male,27805,4669,27788,3926,0,0,0,0,0
1/1/2011,Information and communication,Male,8051,16648,8051,7370,0,0,0,0,0
1/1/2011,Financial and insurance activities,Male,7893,17882,7845,33993,0,0,0,0,0
1/1/2011,Real estate activities,Male,8656,10682,8562,23564,0,0,0,0,0
1/1/2011,"Professional, scientific and technical activities",Male,22754,7928,22447,6404,66,0,0,0,0
1/1/2011,Administrative and support service activities,Male,37878,6640,37629,6404,65,0,16,0,0
1/1/2011,Public administration and defence; compulsory social security,Male,62763,16386,62606,26580,39,0,0,0,0
1/1/2011,Education,Male,10640,15539,10594,6791,13,11,1,0,0
1/1/2011,Human health and social work activities,Male,10625,16536,10547,6209,0,0,0,0,0
1/1/2011,"Arts, entertainment and recreation",Male,3899,14089,3883,2459.5,38,0,0,0,0
1/1/2011,Other service activities,Male,4018,6129,4003,2459.5,0,0,0,0,0
1/1/2011,Activities of households as employers; undifferentiated goods- and services-producing activities of households for own use,Male,47815,2403,47815,2012,0,0,0,0,0
1/1/2012,"Agriculture, forestry and fishing",Female,55,2955,55,641,0,0,0,0,0
1/1/2012,Mining and quarrying,Female,3102,23838,3102,394697,0,0,0,0,0
1/1/2012,Manufacturing,Female,691,12585,659,71571,0,0,0,0,0
1/1/2012,"Electricity, gas, steam and air conditioning supply",Female,479,14824,479,1215,0,0,0,0,0
1/1/2012,"Water supply; sewerage, waste management and remediation activities",Female,38,16278,38,1215,0,0,0,0,0
1/1/2012,Construction,Female,2930,11990,2911,30947,0,0,0,0,0
1/1/2012,Wholesale and retail trade; repair of motor vehicles and motorcycles,Female,5523,7752,5239,35757,0,0,0,0,0
1/1/2012,Transportation and storage,Female,5338,14968,5338,14365,0,0,0,0,0
1/1/2012,Accommodation and food service activities,Female,2990,8597,2990,4571,0,0,0,0,0
1/1/2012,Information and communication,Female,2783,17638,2783,7637,0,0,4,0,0
1/1/2012,Financial and insurance activities,Female,3209,18049,3178,36615,185,0,8,0,0
1/1/2012,Real estate activities,Female,369,16904,350,24535,0,0,0,0,0
1/1/2012,"Professional, scientific and technical activities",Female,1583,11752,1501,7153,101,0,0,0,0
1/1/2012,Administrative and support service activities,Female,2390,11556,2298,7153,0,0,0,0,0
1/1/2012,Public administration and defence; compulsory social security,Female,13805,19864,13785,32152,15,0,0,0,0
1/1/2012,Education,Female,18515,17268,18193,7988,132,14,12,0,0
1/1/2012,Human health and social work activities,Female,11796,17131,11649,7531,14,0,0,9,0
1/1/2012,"Arts, entertainment and recreation",Female,752,19364,752,2963.5,338,0,0,0,0
1/1/2012,Other service activities,Female,680,8793,680,2963.5,0,0,0,0,0
1/1/2012,Activities of households as employers; undifferentiated goods- and services-producing activities of households for own use,Female,90361,2425,90361,2321,0,0,0,0,0
1/1/2012,"Agriculture, forestry and fishing",Male,18107,4411,17959,641,0,0,0,0,0
1/1/2012,Mining and quarrying,Male,80009,18431,79963,394697,0,0,0,0,0
1/1/2012,Manufacturing,Male,102115,6536,101852,71571,0,0,0,0,0
1/1/2012,"Electricity, gas, steam and air conditioning supply",Male,7186,18666,7186,1215,0,0,0,0,0
1/1/2012,"Water supply; sewerage, waste management and remediation activities",Male,1258,13194,1233,1215,0,0,0,0,0
1/1/2012,Construction,Male,496334,3879,494056,30947,0,0,0,0,0
1/1/2012,Wholesale and retail trade; repair of motor vehicles and motorcycles,Male,163836,6451,161783,35757,0,0,0,0,0
1/1/2012,Transportation and storage,Male,32937,11412,32394,14365,0,0,0,0,0
1/1/2012,Accommodation and food service activities,Male,29215,6025,29094,4571,0,0,0,0,0
1/1/2012,Information and communication,Male,8675,18749,8634,7637,0,0,1,0,0
1/1/2012,Financial and insurance activities,Male,8249,20239,8099,36615,64,0,8,0,0
1/1/2012,Real estate activities,Male,8965,13675,8743,24535,0,0,0,0,0
1/1/2012,"Professional, scientific and technical activities",Male,23950,7477,23469,7153,89,0,1,0,0
1/1/2012,Administrative and support service activities,Male,39057,5367,38936,7153,0,0,0,0,0
1/1/2012,Public administration and defence; compulsory social security,Male,67735,23597,67634,32152,14,0,0,0,0
1/1/2012,Education,Male,11894,17438,11894,7988,24,5,2,0,0
1/1/2012,Human health and social work activities,Male,11714,16978,11644,7531,0,0,0,0,0
1/1/2012,"Arts, entertainment and recreation",Male,7012,12131,6994,2963.5,41,0,0,0,0
1/1/2012,Other service activities,Male,4333,5934,4295,2963.5,0,0,0,0,0
1/1/2012,Activities of households as employers; undifferentiated goods- and services-producing activities of households for own use,Male,49543,2233,49543,2321,0,0,0,0,0
1/1/2013,"Agriculture, forestry and fishing",Female,0,0,0,695,0,0,0,0,0
1/1/2013,Mining and quarrying,Female,3231,23787,3231,403031,0,0,0,0,0
1/1/2013,Manufacturing,Female,992,14515,935,73820,0,0,0,0,0
1/1/2013,"Electricity, gas, steam and air conditioning supply",Female,706,18329,706,1497,0,0,0,0,0
1/1/2013,"Water supply; sewerage, waste management and remediation activities",Female,187,15937,187,1497,0,0,0,0,0
1/1/2013,Construction,Female,3338,16106,3308,39305,0,0,0,0,0
1/1/2013,Wholesale and retail trade; repair of motor vehicles and motorcycles,Female,7106,9650,6826,42570,0,0,0,0,0
1/1/2013,Transportation and storage,Female,6267,15162,6251,14817,0,0,0,0,0
1/1/2013,Accommodation and food service activities,Female,3695,9270,3695,5261,0,0,0,0,0
1/1/2013,Information and communication,Female,3167,17974,3167,8136,0,0,2,0,0
1/1/2013,Financial and insurance activities,Female,3780,18846,3705,38741,125,0,7,0,0
1/1/2013,Real estate activities,Female,525,17761,502,28594,0,0,0,0,0
1/1/2013,"Professional, scientific and technical activities",Female,1787,14632,1772,8125.5,93,0,3,0,0
1/1/2013,Administrative and support service activities,Female,3984,8889,3894,8125.5,0,0,0,0,0
1/1/2013,Public administration and defence; compulsory social security,Female,15036,20697,15036,37243,0,0,0,0,0
1/1/2013,Education,Female,26267,19840,26042,9426,271,102,3,0,0
1/1/2013,Human health and social work activities,Female,14906,17695,14876,8669,0,0,0,1,0
1/1/2013,"Arts, entertainment and recreation",Female,1286,19199,1286,3458,0,0,0,0,0
1/1/2013,Other service activities,Female,1105,11385,1105,3458,0,0,0,0,0
1/1/2013,Activities of households as employers; undifferentiated goods- and services-producing activities of households for own use,Female,95631,2589,95631,2720,0,0,0,0,0
1/1/2013,"Agriculture, forestry and fishing",Male,21207,5020,21076,695,0,0,0,0,0
1/1/2013,Mining and quarrying,Male,92177,21789,92114,403031,0,0,0,0,0
1/1/2013,Manufacturing,Male,118460,7479,118163,73820,0,0,0,0,0
1/1/2013,"Electricity, gas, steam and air conditioning supply",Male,8056,20550,8056,1497,0,0,0,0,0
1/1/2013,"Water supply; sewerage, waste management and remediation activities",Male,2631,14891,2631,1497,0,0,0,0,0
1/1/2013,Construction,Male,565338,4693,562864,39305,0,0,1,0,0
1/1/2013,Wholesale and retail trade; repair of motor vehicles and motorcycles,Male,186978,7577,184765,42570,0,0,0,0,0
1/1/2013,Transportation and storage,Male,38671,11912,38123,14817,0,0,0,0,0
1/1/2013,Accommodation and food service activities,Male,35213,8536,35135,5261,0,0,0,0,0
1/1/2013,Information and communication,Male,9380,20909,9380,8136,0,0,0,0,0
1/1/2013,Financial and insurance activities,Male,8695,22212,8575,38741,27,0,0,0,0
1/1/2013,Real estate activities,Male,9910,15044,9666,28594,0,0,0,0,0
1/1/2013,"Professional, scientific and technical activities",Male,26772,9524,26274,8125.5,21,0,0,0,0
1/1/2013,Administrative and support service activities,Male,43952,7217,43895,8125.5,0,0,0,0,0
1/1/2013,Public administration and defence; compulsory social security,Male,80736,25123,80656,37243,0,0,0,0,0
1/1/2013,Education,Male,13423,19401,13423,9426,16,35,0,0,0
1/1/2013,Human health and social work activities,Male,12937,17561,12832,8669,0,0,0,0,0
1/1/2013,"Arts, entertainment and recreation",Male,7790,11357,7790,3458,0,0,0,0,0
1/1/2013,Other service activities,Male,5877,7371,5826,3458,0,0,0,0,0
1/1/2013,Activities of households as employers; undifferentiated goods- and services-producing activities of households for own use,Male,56381,2458,56381,2720,0,0,0,0,0
1/1/2014,"Agriculture, forestry and fishing",Female,0,0,0,880,0,0,0,0,0
1/1/2014,Mining and quarrying,Female,5246,24829,5246,394190,0,0,0,0,0
1/1/2014,Manufacturing,Female,1907,15381,1773,76133,0,0,0,0,0
1/1/2014,"Electricity, gas, steam and air conditioning supply",Female,883,18467,883,1645,0,0,0,0,0
1/1/2014,"Water supply; sewerage, waste management and remediation activities",Female,549,16950,549,1645,0,0,2,0,0
1/1/2014,Construction,Female,4389,16414,4365,50031,0,0,0,0,0
1/1/2014,Wholesale and retail trade; repair of motor vehicles and motorcycles,Female,7380,10629,7098,47746,0,0,0,0,0
1/1/2014,Transportation and storage,Female,9172,16228,9122,15967,0,0,0,0,0
1/1/2014,Accommodation and food service activities,Female,4002,12294,4002,6284,0,0,0,0,0
1/1/2014,Information and communication,Female,3226,19173,3226,9124,0,0,9,0,0
1/1/2014,Financial and insurance activities,Female,3887,20029,3838,44047,210,0,13,0,0
1/1/2014,Real estate activities,Female,631,19407,603,34244,0,0,0,0,0
1/1/2014,"Professional, scientific and technical activities",Female,1632,16883,1617,8654.5,116,0,17,0,0
1/1/2014,Administrative and support service activities,Female,4094,12016,4000,8654.5,0,0,0,0,0
1/1/2014,Public administration and defence; compulsory social security,Female,15592,21323,15592,40817,64,0,4,0,0
1/1/2014,Education,Female,26379,19808,26157,10327,94,92,9,0,0
1/1/2014,Human health and social work activities,Female,14971,17864,14936,9813,23,0,6,7,0
1/1/2014,"Arts, entertainment and recreation",Female,1336,21818,1336,3847,347,0,0,0,0
1/1/2014,Other service activities,Female,1347,11151,1347,3847,0,0,0,0,0
1/1/2014,Activities of households as employers; undifferentiated goods- and services-producing activities of households for own use,Female,97202,2807,97202,3225,0,0,0,0,0
1/1/2014,"Agriculture, forestry and fishing",Male,23123,5012,22980,880,0,0,0,0,0
1/1/2014,Mining and quarrying,Male,94174,23326,94027,394190,0,0,0,0,0
1/1/2014,Manufacturing,Male,132664,7925,132265,76133,0,0,0,0,0
1/1/2014,"Electricity, gas, steam and air conditioning supply",Male,19648,19056,19635,1645,0,0,1,0,0
1/1/2014,"Water supply; sewerage, waste management and remediation activities",Male,13147,11965,13147,1645,0,0,3,0,0
1/1/2014,Construction,Male,631867,5877,629458,50031,0,0,0,0,0
1/1/2014,Wholesale and retail trade; repair of motor vehicles and motorcycles,Male,190199,8328,187604,47746,0,0,0,0,0
1/1/2014,Transportation and storage,Male,45684,12344,45020,15967,0,0,0,0,0
1/1/2014,Accommodation and food service activities,Male,38377,8939,38296,6284,0,0,0,0,0
1/1/2014,Information and communication,Male,9892,22356,9892,9124,0,0,9,0,0
1/1/2014,Financial and insurance activities,Male,9085,23363,8959,44047,65,0,7,0,0
1/1/2014,Real estate activities,Male,11119,14556,10875,34244,0,0,0,0,0
1/1/2014,"Professional, scientific and technical activities",Male,26896,11367,26358,8654.5,76,0,8,0,0
1/1/2014,Administrative and support service activities,Male,44784,7626,44772,8654.5,0,0,0,0,0
1/1/2014,Public administration and defence; compulsory social security,Male,82455,25786,82335,40817,26,0,0,0,0
1/1/2014,Education,Male,15234,20989,15234,10327,18,34,4,0,0
1/1/2014,Human health and social work activities,Male,13284,19489,13209,9813,0,0,0,0,0
1/1/2014,"Arts, entertainment and recreation",Male,12403,15187,12403,3847,19,0,0,0,0
1/1/2014,Other service activities,Male,9465,8379,9384,3847,0,0,0,0,0
1/1/2014,Activities of households as employers; undifferentiated goods- and services-producing activities of households for own use,Male,56855,2630,56855,3225,0,0,0,0,0
1/1/2015,"Agriculture, forestry and fishing",Female,0,0,0,950,0,0,0,0,0
1/1/2015,Mining and quarrying,Female,7024,21613,7024,221041,0,0,0,0,0
1/1/2015,Manufacturing,Female,2297,15323,2261,52489,0,0,0,0,0
1/1/2015,"Electricity, gas, steam and air conditioning supply",Female,939,20219,939,1975,0,0,0,0,0
1/1/2015,"Water supply; sewerage, waste management and remediation activities",Female,790,17525,790,1975,0,0,5,0,0
1/1/2015,Construction,Female,4547,17032,4514,60693,0,0,0,0,0
1/1/2015,Wholesale and retail trade; repair of motor vehicles and motorcycles,Female,25734,10380,25443,51465,0,0,0,0,0
1/1/2015,Transportation and storage,Female,10783,16260,10783,21657,0,0,0,0,0
1/1/2015,Accommodation and food service activities,Female,13180,12476,13180,6231,0,0,0,0,0
1/1/2015,Information and communication,Female,3218,19880,3159,10109,0,0,8,0,0
1/1/2015,Financial and insurance activities,Female,6227,20629,6157,45320,187,0,22,0,0
1/1/2015,Real estate activities,Female,975,19945,942,38762,0,0,0,0,0
1/1/2015,"Professional, scientific and technical activities",Female,1877,16973,1862,9765.5,129,0,29,0,0
1/1/2015,Administrative and support service activities,Female,4177,12244,4085,9765.5,0,0,0,0,0
1/1/2015,Public administration and defence; compulsory social security,Female,17198,22639,17198,44294,84,0,7,0,0
1/1/2015,Education,Female,34952,20199,34620,10862,114,75,13,0,0
1/1/2015,Human health and social work activities,Female,15839,18263,15774,11397,21,0,6,10,0
1/1/2015,"Arts, entertainment and recreation",Female,1498,22153,1498,4059.5,342,0,0,0,0
1/1/2015,Other service activities,Female,3121,11331,3074,4059.5,0,0,0,0,0
1/1/2015,Activities of households as employers; undifferentiated goods- and services-producing activities of households for own use,Female,105177,2909,105177,3473,0,0,0,0,0
1/1/2015,"Agriculture, forestry and fishing",Male,24006,5186,23867,950,0,0,0,0,0
1/1/2015,Mining and quarrying,Male,94860,24030,94658,221041,0,0,0,0,0
1/1/2015,Manufacturing,Male,133150,9528,132611,52489,0,0,3,0,0
1/1/2015,"Electricity, gas, steam and air conditioning supply",Male,18833,21422,18833,1975,0,0,2,0,0
1/1/2015,"Water supply; sewerage, waste management and remediation activities",Male,12346,13154,12346,1975,0,0,2,0,0
1/1/2015,Construction,Male,780528,5951,778682,60693,0,0,1,0,0
1/1/2015,Wholesale and retail trade; repair of motor vehicles and motorcycles,Male,227552,7454,224826,51465,0,0,0,0,0
1/1/2015,Transportation and storage,Male,55674,12494,54973,21657,0,0,0,0,0
1/1/2015,Accommodation and food service activities,Male,37848,8691,37756,6231,0,0,0,0,0
1/1/2015,Information and communication,Male,10320,22424,10320,10109,0,0,3,1,0
1/1/2015,Financial and insurance activities,Male,9316,23465,9132,45320,82,0,14,0,0
1/1/2015,Real estate activities,Male,11364,13982,10931,38762,0,0,0,0,0
1/1/2015,"Professional, scientific and technical activities",Male,26969,10619,26642,9765.5,117,0,18,0,0
1/1/2015,Administrative and support service activities,Male,51620,7643,51580,9765.5,0,0,0,0,0
1/1/2015,Public administration and defence; compulsory social security,Male,83708,26144,83684,44294,22,0,0,0,0
1/1/2015,Education,Male,16007,19771,15970,10862,25,47,10,0,0
1/1/2015,Human health and social work activities,Male,14348,19635,14259,11397,0,0,2,2,0
1/1/2015,"Arts, entertainment and recreation",Male,13061,15501,13061,4059.5,38,0,0,0,0
1/1/2015,Other service activities,Male,10914,8499,10914,4059.5,0,0,0,0,0
1/1/2015,Activities of households as employers; undifferentiated goods- and services-producing activities of households for own use,Male,57199,2682,57199,3473,0,0,0,0,0
1/1/2016,"Agriculture, forestry and fishing",Female,0,0,0,1016,0,0,0,0,0
1/1/2016,Mining and quarrying,Female,6639,21653,6639,163984,0,0,0,0,0
1/1/2016,Manufacturing,Female,2193,15197,2119,46814,0,0,0,0,0
1/1/2016,"Electricity, gas, steam and air conditioning supply",Female,1525,20523,1525,2989.5,0,0,0,0,0
1/1/2016,"Water supply; sewerage, waste management and remediation activities",Female,604,17974,604,2989.5,0,0,2,0,0
1/1/2016,Construction,Female,6432,12278,6270,77079,0,0,0,1,0
1/1/2016,Wholesale and retail trade; repair of motor vehicles and motorcycles,Female,27552,9270,27328,46981,0,0,0,0,0
1/1/2016,Transportation and storage,Female,10492,15167,10492,24927,0,0,0,0,0
1/1/2016,Accommodation and food service activities,Female,17274,8513,17274,5620,0,0,0,0,0
1/1/2016,Information and communication,Female,2460,22745,2460,9810,0,0,7,0,0
1/1/2016,Financial and insurance activities,Female,5852,22568,5782,47019,354,0,12,0,0
1/1/2016,Real estate activities,Female,772,18883,744,42776,0,0,0,0,0
1/1/2016,"Professional, scientific and technical activities",Female,3361,12401,3333,10540,120,0,27,0,0
1/1/2016,Administrative and support service activities,Female,5800,8429,5702,10540,0,0,0,0,0
1/1/2016,Public administration and defence; compulsory social security,Female,15425,24210,15425,43857,109,0,8,0,0
1/1/2016,Education,Female,33582,23485,33280,12089,205,127,26,0,0
1/1/2016,Human health and social work activities,Female,16226,19939,16170,14009,25,0,12,6,0
1/1/2016,"Arts, entertainment and recreation",Female,884,21520,884,4233,679,0,0,0,0
1/1/2016,Other service activities,Female,4768,7758,4643,4233,0,0,0,0,0
1/1/2016,Activities of households as employers; undifferentiated goods- and services-producing activities of households for own use,Female,107621,2989,107621,3817,0,0,0,0,0
1/1/2016,"Agriculture, forestry and fishing",Male,24916,5088,24848,1016,0,0,0,0,0
1/1/2016,Mining and quarrying,Male,93901,26784,93635,163984,0,0,0,0,0
1/1/2016,Manufacturing,Male,141850,8419,141666,46814,0,0,2,0,0
1/1/2016,"Electricity, gas, steam and air conditioning supply",Male,15844,22891,15844,2989.5,0,0,6,0,0
1/1/2016,"Water supply; sewerage, waste management and remediation activities",Male,8578,17353,8578,2989.5,0,0,2,0,0
1/1/2016,Construction,Male,840820,6090,839136,77079,0,0,5,0,0
1/1/2016,Wholesale and retail trade; repair of motor vehicles and motorcycles,Male,227380,7644,224442,46981,0,0,0,0,0
1/1/2016,Transportation and storage,Male,48627,14353,47917,24927,0,0,0,0,0
1/1/2016,Accommodation and food service activities,Male,55408,5844,55325,5620,0,0,0,0,0
1/1/2016,Information and communication,Male,13153,28472,13079,9810,0,0,3,0,0
1/1/2016,Financial and insurance activities,Male,9886,28626,9602,47019,117,0,13,0,0
1/1/2016,Real estate activities,Male,11405,15922,10839,42776,0,0,0,0,0
1/1/2016,"Professional, scientific and technical activities",Male,25458,17239,25268,10540,115,0,15,0,0
1/1/2016,Administrative and support service activities,Male,79049,6636,78951,10540,0,0,0,0,0
1/1/2016,Public administration and defence; compulsory social security,Male,71856,29311,71800,43857,46,0,3,0,0
1/1/2016,Education,Male,13471,25044,13387,12089,31,102,8,0,0
1/1/2016,Human health and social work activities,Male,13733,22116,13663,14009,0,0,2,1,0
1/1/2016,"Arts, entertainment and recreation",Male,5396,18915,5368,4233,91,0,0,0,0
1/1/2016,Other service activities,Male,11424,11670,11318,4233,0,0,0,0,0
1/1/2016,Activities of households as employers; undifferentiated goods- and services-producing activities of households for own use,Male,66121,2787,66121,3817,0,0,0,0,0
1/1/2017,"Agriculture, forestry and fishing",Female,0,0,0,1259,0,0,0,0,0
1/1/2017,Mining and quarrying,Female,6776,22032,6776,199405,0,0,0,0,0
1/1/2017,Manufacturing,Female,2288,14920,2217,47189,0,0,1,0,0
1/1/2017,"Electricity, gas, steam and air conditioning supply",Female,1522,21299,1522,3392.5,0,0,2,0,0
1/1/2017,"Water supply; sewerage, waste management and remediation activities",Female,655,18094,655,3392.5,0,0,4,0,0
1/1/2017,Construction,Female,6462,12491,6364,79040,0,0,0,0,0
1/1/2017,Wholesale and retail trade; repair of motor vehicles and motorcycles,Female,27787,9656,27506,47434,0,0,0,0,0
1/1/2017,Transportation and storage,Female,10413,15439,10413,22426,0,0,0,0,0
1/1/2017,Accommodation and food service activities,Female,18220,8883,18220,5456,0,0,0,0,0
1/1/2017,Information and communication,Female,3006,22438,3006,9580,0,0,9,1,0
1/1/2017,Financial and insurance activities,Female,5733,23027,5677,48339,597,0,12,0,0
1/1/2017,Real estate activities,Female,711,18993,669,43284,0,0,0,0,0
1/1/2017,"Professional, scientific and technical activities",Female,3565,12935,3523,10698.5,216,0,27,2,0
1/1/2017,Administrative and support service activities,Female,6922,8116,6922,10698.5,0,0,0,0,0
1/1/2017,Public administration and defence; compulsory social security,Female,14943,24647,14943,39466,108,0,25,0,0
1/1/2017,Education,Female,33993,23089,33578,12571,401,465,39,0,0
1/1/2017,Human health and social work activities,Female,16362,19819,16264,14542,96,0,28,0,0
1/1/2017,"Arts, entertainment and recreation",Female,1130,21604,1130,4434.5,794,0,0,0,0
1/1/2017,Other service activities,Female,5096,7571,4967,4434.5,0,0,0,0,0
1/1/2017,Activities of households as employers; undifferentiated goods- and services-producing activities of households for own use,Female,108942,3014,108942,4006,0,0,0,0,0
1/1/2017,"Agriculture, forestry and fishing",Male,25544,5250,25431,1259,0,0,0,0,0
1/1/2017,Mining and quarrying,Male,92733,26272,92533,199405,0,0,0,0,0
1/1/2017,Manufacturing,Male,141938,8680,141767,47189,0,0,3,0,0
1/1/2017,"Electricity, gas, steam and air conditioning supply",Male,15612,22702,15612,3392.5,0,0,3,0,0
1/1/2017,"Water supply; sewerage, waste management and remediation activities",Male,8250,17781,8250,3392.5,0,0,4,0,0
1/1/2017,Construction,Male,841297,6296,839755,79040,0,0,5,1,0
1/1/2017,Wholesale and retail trade; repair of motor vehicles and motorcycles,Male,227325,7547,224383,47434,0,0,0,0,0
1/1/2017,Transportation and storage,Male,49841,14014,49054,22426,0,0,0,0,0
1/1/2017,Accommodation and food service activities,Male,55723,5659,55567,5456,0,0,0,0,0
1/1/2017,Information and communication,Male,13412,30115,13398,9580,0,0,4,0,0
1/1/2017,Financial and insurance activities,Male,9639,28422,9345,48339,216,0,14,0,0
1/1/2017,Real estate activities,Male,10932,15517,10382,43284,0,0,0,0,0
1/1/2017,"Professional, scientific and technical activities",Male,25691,18236,25537,10698.5,185,0,20,0,0
1/1/2017,Administrative and support service activities,Male,80653,6845,80512,10698.5,0,0,0,0,0
1/1/2017,Public administration and defence; compulsory social security,Male,66894,29164,66824,39466,48,0,8,0,0
1/1/2017,Education,Male,13320,25070,13152,12571,54,241,16,0,0
1/1/2017,Human health and social work activities,Male,16604,22876,16506,14542,0,0,3,0,0
1/1/2017,"Arts, entertainment and recreation",Male,5038,19219,5038,4434.5,161,0,0,0,0
1/1/2017,Other service activities,Male,11022,11705,10936,4434.5,0,0,0,0,0
1/1/2017,Activities of households as employers; undifferentiated goods- and services-producing activities of households for own use,Male,63464,2809,63464,4006,0,0,0,0,0
1/1/2018,"Agriculture, forestry and fishing",Female,0,0,0,1457,0,0,0,0,0
1/1/2018,Mining and quarrying,Female,6772,22746,6772,260198,0,0,0,0,0
1/1/2018,Manufacturing,Female,2288,15274,2205,54972,0,0,0,0,0
1/1/2018,"Electricity, gas, steam and air conditioning supply",Female,1888,21684,1888,2590,0,0,2,1,0
1/1/2018,"Water supply; sewerage, waste management and remediation activities",Female,720,17606,720,2590,0,0,4,0,0
1/1/2018,Construction,Female,6939,13180,6827,82600,0,0,0,0,0
1/1/2018,Wholesale and retail trade; repair of motor vehicles and motorcycles,Female,25873,9340,25539,49794,0,0,0,0,0
1/1/2018,Transportation and storage,Female,10452,19217,10452,26002,0,0,0,0,0
1/1/2018,Accommodation and food service activities,Female,18690,8227,18690,5409,0,0,0,0,0
1/1/2018,Information and communication,Female,2788,23342,2729,9618,0,0,8,0,0
1/1/2018,Financial and insurance activities,Female,5363,23639,5321,49142,604,0,45,0,0
1/1/2018,Real estate activities,Female,927,21101,871,42615,0,0,0,0,0
1/1/2018,"Professional, scientific and technical activities",Female,2264,13524,2208,10520,218,0,28,2,0
1/1/2018,Administrative and support service activities,Female,9916,7000,9916,10520,0,0,0,0,0
1/1/2018,Public administration and defence; compulsory social security,Female,14697,24571,14697,48315,142,0,21,0,1
1/1/2018,Education,Female,34361,23653,34125,11496,427,20,37,0,519
1/1/2018,Human health and social work activities,Female,21258,20233,21160,11699,110,0,37,0,0
1/1/2018,"Arts, entertainment and recreation",Female,940,21880,940,4135.5,901,0,0,0,0
1/1/2018,Other service activities,Female,7844,7315,7707,4135.5,0,0,0,0,0
1/1/2018,Activities of households as employers; undifferentiated goods- and services-producing activities of households for own use,Female,109127,3090,109127,4172,0,0,0,0,0
1/1/2018,"Agriculture, forestry and fishing",Male,27907,5195,27780,1457,0,0,0,0,0
1/1/2018,Mining and quarrying,Male,92220,26300,92026,260198,0,0,0,0,0
1/1/2018,Manufacturing,Male,149588,9116,149381,54972,0,0,7,0,0
1/1/2018,"Electricity, gas, steam and air conditioning supply",Male,15524,23506,15524,2590,0,0,5,1,0
1/1/2018,"Water supply; sewerage, waste management and remediation activities",Male,6674,17791,6674,2590,0,0,3,0,0
1/1/2018,Construction,Male,874010,6322,872472,82600,0,0,10,0,0
1/1/2018,Wholesale and retail trade; repair of motor vehicles and motorcycles,Male,226040,7842,223053,49794,0,0,0,0,0
1/1/2018,Transportation and storage,Male,54346,14526,53539,26002,0,0,0,0,0
1/1/2018,Accommodation and food service activities,Male,56059,6139,55838,5409,0,0,0,0,0
1/1/2018,Information and communication,Male,13119,30696,13064,9618,0,0,8,1,0
1/1/2018,Financial and insurance activities,Male,9656,28533,9348,49142,251,0,16,0,0
1/1/2018,Real estate activities,Male,10331,17136,9762,42615,0,0,0,0,0
1/1/2018,"Professional, scientific and technical activities",Male,16051,19687,15815,10520,222,0,17,4,0
1/1/2018,Administrative and support service activities,Male,80959,6735,80806,10520,0,0,0,0,0
1/1/2018,Public administration and defence; compulsory social security,Male,63356,29430,63314,48315,51,0,15,0,20
1/1/2018,Education,Male,13355,25650,13201,11496,56,9,18,0,226
1/1/2018,Human health and social work activities,Male,17443,22877,17359,11699,0,0,8,0,0
1/1/2018,"Arts, entertainment and recreation",Male,5158,20329,5158,4135.5,162,0,0,0,0
1/1/2018,Other service activities,Male,10082,11488,10000,4135.5,0,0,0,0,0
1/1/2018,Activities of households as employers; undifferentiated goods- and services-producing activities of households for own use,Male,64173,2935,64173,4172,0,0,0,0,0
1/1/2019,"Agriculture, forestry and fishing",Female,0,0,0,1669,0,0,0,0,0
1/1/2019,Mining and quarrying,Female,6754,23180,6754,229322,0,0,0,0,0
1/1/2019,Manufacturing,Female,2253,16030,2164,53501,0,0,1,0,0
1/1/2019,"Electricity, gas, steam and air conditioning supply",Female,2717,21777,2717,2947,0,0,5,2,0
1/1/2019,"Water supply; sewerage, waste management and remediation activities",Female,1059,17914,1059,2947,0,0,9,0,0
1/1/2019,Construction,Female,5578,13065,5370,78275,0,0,0,0,0
1/1/2019,Wholesale and retail trade; repair of motor vehicles and motorcycles,Female,25008,8919,24709,50064,0,0,0,0,0
1/1/2019,Transportation and storage,Female,10227,18917,10183,27270,0,0,0,0,0
1/1/2019,Accommodation and food service activities,Female,18046,8145,18046,5567,0,0,0,0,0
1/1/2019,Information and communication,Female,3067,23504,3067,9531,0,0,5,0,0
1/1/2019,Financial and insurance activities,Female,5042,23769,4997,52015,620,0,17,0,0
1/1/2019,Real estate activities,Female,1094,21103,1034,41422,0,0,0,0,0
1/1/2019,"Professional, scientific and technical activities",Female,2303,14987,2273,10491,206,0,29,2,0
1/1/2019,Administrative and support service activities,Female,9969,7243,9969,10491,0,0,0,0,0
1/1/2019,Public administration and defence; compulsory social security,Female,14893,25230,14893,52675,169,0,27,0,1
1/1/2019,Education,Female,34638,23937,34371,11946,411,26,35,0,418
1/1/2019,Human health and social work activities,Female,21751,20591,21633,13809,120,0,17,0,0
1/1/2019,"Arts, entertainment and recreation",Female,967,22158,967,4303,800,0,0,0,0
1/1/2019,Other service activities,Female,7426,7470,7352,4303,0,0,0,0,0
1/1/2019,Activities of households as employers; undifferentiated goods- and services-producing activities of households for own use,Female,110693,3170,110693,4348,0,0,0,0,0
1/1/2019,"Agriculture, forestry and fishing",Male,32255,5002,32091,1669,0,0,0,0,0
1/1/2019,Mining and quarrying,Male,78905,24986,78758,229322,0,0,0,0,0
1/1/2019,Manufacturing,Male,152968,9594,152731,53501,0,0,9,0,0
1/1/2019,"Electricity, gas, steam and air conditioning supply",Male,15901,23922,15901,2947,0,0,2,3,0
1/1/2019,"Water supply; sewerage, waste management and remediation activities",Male,7030,17843,7030,2947,0,0,3,0,0
1/1/2019,Construction,Male,876956,6531,875455,78275,0,0,0,1,0
1/1/2019,Wholesale and retail trade; repair of motor vehicles and motorcycles,Male,226295,7743,223423,50064,0,0,0,0,0
1/1/2019,Transportation and storage,Male,65920,14575,65060,27270,0,0,0,0,0
1/1/2019,Accommodation and food service activities,Male,53649,5858,53383,5567,0,0,0,0,0
1/1/2019,Information and communication,Male,12187,30845,12143,9531,0,0,2,1,0
1/1/2019,Financial and insurance activities,Male,8800,29439,8486,52015,213,0,11,0,0
1/1/2019,Real estate activities,Male,10086,17042,9549,41422,0,0,0,0,0
1/1/2019,"Professional, scientific and technical activities",Male,16674,22294,16422,10491,248,0,20,0,0
1/1/2019,Administrative and support service activities,Male,77874,6590,77679,10491,0,0,0,0,0
1/1/2019,Public administration and defence; compulsory social security,Male,62392,30321,62332,52675,56,0,8,0,11
1/1/2019,Education,Male,18188,25868,18008,11946,39,7,20,0,241
1/1/2019,Human health and social work activities,Male,21438,23273,21168,13809,0,0,16,0,0
1/1/2019,"Arts, entertainment and recreation",Male,4464,20652,4419,4303,149,0,0,0,0
1/1/2019,Other service activities,Male,11452,11607,11320,4303,0,0,0,0,0
1/1/2019,Activities of households as employers; undifferentiated goods- and services-producing activities of households for own use,Male,66263,3070,66263,4348,0,0,0,0,0
1/1/2020,"Agriculture, forestry and fishing",Female,0,0,0,1781,0,0,0,0,0
1/1/2020,Mining and quarrying,Female,3653,21918,3653,152343,0,0,0,0,0
1/1/2020,Manufacturing,Female,1598,13520,1582,41586,0,0,0,0,0
1/1/2020,"Electricity, gas, steam and air conditioning supply",Female,1764,23167,1764,3026.5,0,0,2,0,0
1/1/2020,"Water supply; sewerage, waste management and remediation activities",Female,332,17292,332,3026.5,0,0,1,0,0
1/1/2020,Construction,Female,2930,15342,2930,75112,0,0,1,1,0
1/1/2020,Wholesale and retail trade; repair of motor vehicles and motorcycles,Female,22701,8919,22481,44069,0,0,0,0,0
1/1/2020,Transportation and storage,Female,8493,18373,8449,21403,0,0,0,0,0
1/1/2020,Accommodation and food service activities,Female,15477,7141,15477,4739,0,0,0,0,0
1/1/2020,Information and communication,Female,3747,23623,3731,9566,0,0,7,0,0
1/1/2020,Financial and insurance activities,Female,5593,24106,5577,53490,582,40,49,0,0
1/1/2020,Real estate activities,Female,1278,21604,1218,39585,0,0,0,0,0
1/1/2020,"Professional, scientific and technical activities",Female,3581,14707,3533,9631,205,0,27,4,0
1/1/2020,Administrative and support service activities,Female,33351,4421,33307,9631,0,0,10,0,0
1/1/2020,Public administration and defence; compulsory social security,Female,20047,24963,20003,48255,177,0,17,1,0
1/1/2020,Education,Female,34990,23790,34974,11559,385,35,37,0,433
1/1/2020,Human health and social work activities,Female,26875,20537,26843,13771,112,0,36,0,0
1/1/2020,"Arts, entertainment and recreation",Female,1525,22107,1525,3762.5,792,0,0,0,0
1/1/2020,Other service activities,Female,6316,9006,6300,3762.5,0,0,0,0,0
1/1/2020,Activities of households as employers; undifferentiated goods- and services-producing activities of households for own use,Female,97068,3015,97068,4028,0,0,0,0,0
1/1/2020,"Agriculture, forestry and fishing",Male,27964,4766,27904,1781,0,0,0,0,0
1/1/2020,Mining and quarrying,Male,31868,34363,31720,152343,0,0,0,0,0
1/1/2020,Manufacturing,Male,99957,9762,99415,41586,0,0,6,1,0
1/1/2020,"Electricity, gas, steam and air conditioning supply",Male,10522,24726,10522,3026.5,0,0,2,1,0
1/1/2020,"Water supply; sewerage, waste management and remediation activities",Male,849,19143,849,3026.5,0,0,2,0,0
1/1/2020,Construction,Male,749682,5817,747905,75112,0,0,9,1,0
1/1/2020,Wholesale and retail trade; repair of motor vehicles and motorcycles,Male,221487,7527,218995,44069,0,0,0,0,0
1/1/2020,Transportation and storage,Male,127764,12015,127616,21403,0,0,0,0,0
1/1/2020,Accommodation and food service activities,Male,72114,6496,71990,4739,0,0,0,0,0
1/1/2020,Information and communication,Male,17787,30423,17646,9566,0,0,3,0,0
1/1/2020,Financial and insurance activities,Male,16443,27287,16223,53490,229,37,16,0,0
1/1/2020,Real estate activities,Male,18243,17003,17455,39585,0,0,0,0,0
1/1/2020,"Professional, scientific and technical activities",Male,44098,19163,43614,9631,222,0,18,4,0
1/1/2020,Administrative and support service activities,Male,150947,6539,150795,9631,0,0,15,0,0
1/1/2020,Public administration and defence; compulsory social security,Male,90636,30302,90540,48255,75,0,9,0,19
1/1/2020,Education,Male,19453,25975,19169,11559,27,7,20,0,219
1/1/2020,Human health and social work activities,Male,48569,22916,48268,13771,0,0,4,0,0
1/1/2020,"Arts, entertainment and recreation",Male,8955,20027,8895,3762.5,163,0,0,0,0
1/1/2020,Other service activities,Male,5823,10121,5807,3762.5,0,0,0,0,0
1/1/2020,Activities of households as employers; undifferentiated goods- and services-producing activities of households for own use,Male,66542,3005,66542,4028,0,0,0,0,0
1/1/2021,"Agriculture, forestry and fishing",Female,0,0,0,1951,0,0,0,0,0
1/1/2021,Mining and quarrying,Female,3850,21322,3850,240752,0,0,0,0,0
1/1/2021,Manufacturing,Female,1493,15350,1452,57323,0,0,0,0,0
1/1/2021,"Electricity, gas, steam and air conditioning supply",Female,2171,23052,2171,3258.5,7,0,0,0,0
1/1/2021,"Water supply; sewerage, waste management and remediation activities",Female,247,18375,247,3258.5,0,0,0,0,0
1/1/2021,Construction,Female,3751,14752,3751,87839,0,0,0,0,0
1/1/2021,Wholesale and retail trade; repair of motor vehicles and motorcycles,Female,27886,10370,27663,47671,0,0,0,0,0
1/1/2021,Transportation and storage,Female,9827,18480,9827,26573,0,0,0,0,5
1/1/2021,Accommodation and food service activities,Female,22036,6028,22004,5922,0,0,0,0,0
1/1/2021,Information and communication,Female,3851,22951,3851,10288,17,0,3,0,0
1/1/2021,Financial and insurance activities,Female,5777,24960,5777,62873,437,0,8,1,0
1/1/2021,Real estate activities,Female,1334,19884,1293,38163,0,0,0,0,0
1/1/2021,"Professional, scientific and technical activities",Female,3402,14674,3354,10239.5,128,0,9,2,0
1/1/2021,Administrative and support service activities,Female,34185,5328,34126,10239.5,0,5,0,0,0
1/1/2021,Public administration and defence; compulsory social security,Female,22953,26327,22871,44945,292,0,26,0,0
1/1/2021,Education,Female,30974,22962,30933,11243,325,22,20,0,458
1/1/2021,Human health and social work activities,Female,28348,20372,28315,13310,33,0,5,0,0
1/1/2021,"Arts, entertainment and recreation",Female,1787,21734,1787,3760.5,819,0,0,0,0
1/1/2021,Other service activities,Female,5757,7816,5741,3760.5,0,0,0,0,0
1/1/2021,Activities of households as employers; undifferentiated goods- and services-producing activities of households for own use,Female,96373,3037,96373,3900,0,0,0,0,0
1/1/2021,"Agriculture, forestry and fishing",Male,26719,4238,26657,1951,0,0,0,0,0
1/1/2021,Mining and quarrying,Male,29834,34064,29748,240752,0,0,0,0,0
1/1/2021,Manufacturing,Male,104771,9779,104160,57323,0,0,0,1,0
1/1/2021,"Electricity, gas, steam and air conditioning supply",Male,11213,25272,11213,3258.5,0,0,1,0,0
1/1/2021,"Water supply; sewerage, waste management and remediation activities",Male,1320,26547,1320,3258.5,0,0,0,0,0
1/1/2021,Construction,Male,664290,5735,662300,87839,0,0,0,0,0
1/1/2021,Wholesale and retail trade; repair of motor vehicles and motorcycles,Male,217767,8899,215328,47671,0,0,0,0,0
1/1/2021,Transportation and storage,Male,126090,11414,125978,26573,0,0,0,0,27
1/1/2021,Accommodation and food service activities,Male,53115,6245,53031,5922,0,0,0,0,0
1/1/2021,Information and communication,Male,17039,30222,16939,10288,5,0,0,0,0
1/1/2021,Financial and insurance activities,Male,15898,30244,15825,62873,134,0,2,2,0
1/1/2021,Real estate activities,Male,14778,14897,14249,38163,0,0,0,0,0
1/1/2021,"Professional, scientific and technical activities",Male,45602,15363,45265,10239.5,29,0,5,0,0
1/1/2021,Administrative and support service activities,Male,144848,4460,144639,10239.5,0,15,0,0,0
1/1/2021,Public administration and defence; compulsory social security,Male,88245,30698,88195,44945,161,0,41,0,0
1/1/2021,Education,Male,26434,22142,26178,11243,11,0,6,0,337
1/1/2021,Human health and social work activities,Male,47437,22674,47178,13310,4,0,0,0,0
1/1/2021,"Arts, entertainment and recreation",Male,3714,25759,3656,3760.5,117,0,0,0,0
1/1/2021,Other service activities,Male,4958,9542,4945,3760.5,0,0,0,0,0
1/1/2021,Activities of households as employers; undifferentiated goods- and services-producing activities of households for own use,Male,64413,3050,64413,3900,0,0,0,0,0
1/1/2022,"Agriculture, forestry and fishing",Female,0,0,0,2201,0,0,0,0,0
1/1/2022,Mining and quarrying,Female,4210,21819,4210,380261,0,0,0,0,0
1/1/2022,Manufacturing,Female,2254,16562,2254,79667,5,0,0,0,0
1/1/2022,"Electricity, gas, steam and air conditioning supply",Female,2718,22914,2718,3402.5,4,0,2,1,0
1/1/2022,"Water supply; sewerage, waste management and remediation activities",Female,313,18331,313,3402.5,0,0,4,0,0
1/1/2022,Construction,Female,7122,14304,7052,93949,0,0,0,0,0
1/1/2022,Wholesale and retail trade; repair of motor vehicles and motorcycles,Female,25773,9860,25711,54617,0,0,0,0,0
1/1/2022,Transportation and storage,Female,15540,18576,15540,36608,53,0,0,0,6
1/1/2022,Accommodation and food service activities,Female,22791,7372,22728,7135,0,0,0,0,0
1/1/2022,Information and communication,Female,5253,23930,5253,11438,23,0,2,6,0
1/1/2022,Financial and insurance activities,Female,7106,28036,7090,70382,757,0,20,0,0
1/1/2022,Real estate activities,Female,2024,22167,2024,44020,0,0,0,0,0
1/1/2022,"Professional, scientific and technical activities",Female,6159,14651,5912,11658.5,195,0,34,4,0
1/1/2022,Administrative and support service activities,Female,29552,9699,29436,11658.5,0,0,0,0,0
1/1/2022,Public administration and defence; compulsory social security,Female,23516,27916,23516,45589,372,0,25,1,0
1/1/2022,Education,Female,41777,23999,41761,11467,530,20,52,0,536
1/1/2022,Human health and social work activities,Female,44923,19296,44892,13391,192,0,36,1,0
1/1/2022,"Arts, entertainment and recreation",Female,3477,21579,3402,3848,999,0,0,0,0
1/1/2022,Other service activities,Female,4229,7292,4213,3848,0,0,0,0,0
1/1/2022,Activities of households as employers; undifferentiated goods- and services-producing activities of households for own use,Female,101876,3055,101876,5019,0,0,0,0,0
1/1/2022,"Agriculture, forestry and fishing",Male,36956,4336,36834,2201,0,0,0,0,0
1/1/2022,Mining and quarrying,Male,29945,34356,29945,380261,0,0,0,0,0
1/1/2022,Manufacturing,Male,105557,9674,105123,79667,6,0,6,2,0
1/1/2022,"Electricity, gas, steam and air conditioning supply",Male,11816,25976,11816,3402.5,7,0,4,0,0
1/1/2022,"Water supply; sewerage, waste management and remediation activities",Male,4233,25864,4233,3402.5,0,0,0,0,0
1/1/2022,Construction,Male,662652,5800,660791,93949,0,0,0,1,0
1/1/2022,Wholesale and retail trade; repair of motor vehicles and motorcycles,Male,222744,8046,220224,54617,0,0,0,0,0
1/1/2022,Transportation and storage,Male,126481,11034,126321,36608,33,0,0,0,47
1/1/2022,Accommodation and food service activities,Male,67171,6797,66946,7135,0,0,0,0,0
1/1/2022,Information and communication,Male,19279,30545,19263,11438,23,0,8,0,0
1/1/2022,Financial and insurance activities,Male,18995,30241,18917,70382,233,0,12,0,0
1/1/2022,Real estate activities,Male,18954,14498,18352,44020,0,0,0,0,0
1/1/2022,"Professional, scientific and technical activities",Male,26837,16353,26530,11658.5,209,0,19,8,0
1/1/2022,Administrative and support service activities,Male,161223,4923,160951,11658.5,0,0,0,0,0
1/1/2022,Public administration and defence; compulsory social security,Male,88887,31540,88755,45589,139,0,30,0,15
1/1/2022,Education,Male,32326,23987,32047,11467,41,25,8,1,383
1/1/2022,Human health and social work activities,Male,52796,22390,52528,13391,17,0,1,0,0
1/1/2022,"Arts, entertainment and recreation",Male,9517,25338,9427,3848,150,0,0,0,0
1/1/2022,Other service activities,Male,9431,11934,9403,3848,0,0,0,0,0
1/1/2022,Activities of households as employers; undifferentiated goods- and services-producing activities of households for own use,Male,66750,3079,66750,5019,0,0,0,0,0
1/1/2023,"Agriculture, forestry and fishing",Female,0,0,0,2270,0,0,0,0,0
1/1/2023,Mining and quarrying,Female,4373,22086,4373,304505,0,0,0,0,0
1/1/2023,Manufacturing,Female,2787,16076,2753,67180,6,0,1,0,0
1/1/2023,"Electricity, gas, steam and air conditioning supply",Female,3196,22913,3196,3669.5,20,0,3,1,0
1/1/2023,"Water supply; sewerage, waste management and remediation activities",Female,297,19385,297,3669.5,0,0,13,1,0
1/1/2023,Construction,Female,8561,14410,8489,89028,0,0,0,0,0
1/1/2023,Wholesale and retail trade; repair of motor vehicles and motorcycles,Female,27759,9601,27679,56222,0,0,0,0,0
1/1/2023,Transportation and storage,Female,21563,18504,21532,36859,27,0,0,0,8
1/1/2023,Accommodation and food service activities,Female,22372,7701,22262,6915,0,0,0,0,0
1/1/2023,Information and communication,Female,6470,23592,6470,10960,39,0,7,3,0
1/1/2023,Financial and insurance activities,Female,10187,28201,10115,82943,830,0,28,3,0
1/1/2023,Real estate activities,Female,2902,22206,2902,47344,0,0,0,0,0
1/1/2023,"Professional, scientific and technical activities",Female,5530,14898,5288,12015.5,293,0,32,4,0
1/1/2023,Administrative and support service activities,Female,33178,9741,33147,12015.5,0,0,12,0,0
1/1/2023,Public administration and defence; compulsory social security,Female,24287,28019,24287,47751,366,0,28,2,0
1/1/2023,Education,Female,45523,24391,45460,12082,552,20,50,1,448
1/1/2023,Human health and social work activities,Female,49966,19114,49935,13929,264,0,35,2,0
1/1/2023,"Arts, entertainment and recreation",Female,4204,21441,4204,3996.5,1012,0,0,0,0
1/1/2023,Other service activities,Female,3947,8217,3911,3996.5,0,0,0,0,0
1/1/2023,Activities of households as employers; undifferentiated goods- and services-producing activities of households for own use,Female,101069,3051,101069,4046,0,0,0,0,0
1/1/2023,"Agriculture, forestry and fishing",Male,37316,4120,37184,2270,0,0,0,0,0
1/1/2023,Mining and quarrying,Male,30347,34350,30347,304505,0,0,0,0,0
1/1/2023,Manufacturing,Male,104851,9732,104622,67180,52,0,11,0,0
1/1/2023,"Electricity, gas, steam and air conditioning supply",Male,13987,25954,13987,3669.5,29,0,3,1,0
1/1/2023,"Water supply; sewerage, waste management and remediation activities",Male,6557,25494,6557,3669.5,0,0,3,0,0
1/1/2023,Construction,Male,662082,5870,659811,89028,0,0,10,3,0
1/1/2023,Wholesale and retail trade; repair of motor vehicles and motorcycles,Male,226814,7965,224180,56222,0,0,0,0,0
1/1/2023,Transportation and storage,Male,128398,11085,128160,36859,41,0,0,0,64
1/1/2023,Accommodation and food service activities,Male,73266,6845,73128,6915,0,0,0,0,0
1/1/2023,Information and communication,Male,19676,30151,19495,10960,45,0,3,0,0
1/1/2023,Financial and insurance activities,Male,18834,30052,18741,82943,269,0,14,0,0
1/1/2023,Real estate activities,Male,18733,13776,18251,47344,0,0,0,0,0
1/1/2023,"Professional, scientific and technical activities",Male,27332,16216,26906,12015.5,237,0,9,4,0
1/1/2023,Administrative and support service activities,Male,163897,4701,163682,12015.5,0,0,0,0,0
1/1/2023,Public administration and defence; compulsory social security,Male,88928,32849,88881,47751,143,0,12,3,11
1/1/2023,Education,Male,31492,25789,31029,12082,44,17,8,4,343
1/1/2023,Human health and social work activities,Male,54924,22968,54571,13929,41,0,7,1,0
1/1/2023,"Arts, entertainment and recreation",Male,9750,24522,9583,3996.5,130,0,0,0,0
1/1/2023,Other service activities,Male,11005,11479,11005,3996.5,0,0,0,0,0
1/1/2023,Activities of households as employers; undifferentiated goods- and services-producing activities of households for own use,Male,66195,3115,66195,4046,0,0,0,0,0
1/1/2024,"Agriculture, forestry and fishing",Female,2,148.0596128,2,0,0,0,0,0,0
1/1/2025,"Agriculture, forestry and fishing",Female,8,101.5893984,9,0,0,0,0,0,0
1/1/2026,"Agriculture, forestry and fishing",Female,8,76.80820593,8,0,0,0,0,0,0
1/1/2027,"Agriculture, forestry and fishing",Female,8,51.90797645,9,0,0,0,0,0,0
1/1/2024,Mining and quarrying,Female,5391,22665.10677,5386,0,0,0,0,0,0
1/1/2025,Mining and quarrying,Female,7249,22872.11125,7369,0,0,0,0,0,0
1/1/2026,Mining and quarrying,Female,6485,23440.11913,6638,0,0,0,0,0,0
1/1/2027,Mining and quarrying,Female,6166,23823.99053,6303,0,0,0,0,0,0
1/1/2024,Manufacturing,Female,2678,15729.12322,2623,0,0,0,0,0,0
1/1/2025,Manufacturing,Female,3480,15770.19035,3469,0,0,0,0,0,0
1/1/2026,Manufacturing,Female,3274,16115.66803,3285,0,0,0,0,0,0
1/1/2027,Manufacturing,Female,3143,16393.6632,3160,0,0,0,0,0,0
1/1/2024,"Electricity, gas, steam and air conditioning supply",Female,2667,22903.44019,2662,0,0,0,0,0,0
1/1/2025,"Electricity, gas, steam and air conditioning supply",Female,3362,22958.17213,3416,0,0,0,0,0,0
1/1/2026,"Electricity, gas, steam and air conditioning supply",Female,3194,23403.36387,3265,0,0,0,0,0,0
1/1/2027,"Electricity, gas, steam and air conditioning supply",Female,3085,23733.85267,3160,0,0,0,0,0,0
1/1/2024,"Water supply; sewerage, waste management and remediation activities",Female,472,19146.57228,479,0,0,0,0,0,0
1/1/2025,"Water supply; sewerage, waste management and remediation activities",Female,705,19427.63773,732,0,0,0,0,0,0
1/1/2026,"Water supply; sewerage, waste management and remediation activities",Female,636,19822.9634,668,0,0,0,0,0,0
1/1/2027,"Water supply; sewerage, waste management and remediation activities",Female,628,20170.73168,662,0,0,0,0,0,0
1/1/2024,Construction,Female,7522,14715.75885,7411,0,0,0,0,0,0
1/1/2025,Construction,Female,9437,14905.88407,9461,0,0,0,0,0,0
1/1/2026,Construction,Female,8845,15190.11174,8936,0,0,0,0,0,0
1/1/2027,Construction,Female,8431,15383.44335,8535,0,0,0,0,0,0
1/1/2024,Wholesale and retail trade; repair of motor vehicles and motorcycles,Female,26199,9828.868867,25914,0,0,0,0,0,0
1/1/2025,Wholesale and retail trade; repair of motor vehicles and motorcycles,Female,32373,9878.382751,32489,0,0,0,0,0,0
1/1/2026,Wholesale and retail trade; repair of motor vehicles and motorcycles,Female,29109,10084.03503,29511,0,0,0,0,0,0
1/1/2027,Wholesale and retail trade; repair of motor vehicles and motorcycles,Female,27505,10232.69216,27946,0,0,0,0,0,0
1/1/2024,Transportation and storage,Female,16341,18462.91089,16182,0,0,0,0,0,0
1/1/2025,Transportation and storage,Female,19850,18584.79327,19995,0,0,0,0,0,0
1/1/2026,Transportation and storage,Female,18689,19014.30104,18978,0,0,0,0,0,0
1/1/2027,Transportation and storage,Female,17692,19333.4135,18001,0,0,0,0,0,0
1/1/2024,Accommodation and food service activities,Female,19924,8306.502807,19774,0,0,0,0,0,0
1/1/2025,Accommodation and food service activities,Female,24378,8411.947052,24581,0,0,0,0,0,0
1/1/2026,Accommodation and food service activities,Female,22283,8574.261676,22651,0,0,0,0,0,0
1/1/2027,Accommodation and food service activities,Female,21140,8795.239118,21538,0,0,0,0,0,0
1/1/2024,Information and communication,Female,5414,23675.9283,5375,0,0,0,0,0,0
1/1/2025,Information and communication,Female,6777,24077.05532,6840,0,0,0,0,0,0
1/1/2026,Information and communication,Female,6416,24772.91138,6519,0,0,0,0,0,0
1/1/2027,Information and communication,Female,6102,25274.21048,6205,0,0,0,0,0,0
1/1/2024,Financial and insurance activities,Female,8390,27162.01534,8276,0,0,0,0,0,0
1/1/2025,Financial and insurance activities,Female,10418,27164.08957,10446,0,0,0,0,0,0
1/1/2026,Financial and insurance activities,Female,9802,27592.46738,9899,0,0,0,0,0,0
1/1/2027,Financial and insurance activities,Female,9331,28028.27464,9435,0,0,0,0,0,0
1/1/2024,Real estate activities,Female,2012,21832.38158,1960,0,0,0,0,0,0
1/1/2025,Real estate activities,Female,2523,21841.65898,2508,0,0,0,0,0,0
1/1/2026,Real estate activities,Female,2440,22362.55608,2446,0,0,0,0,0,0
1/1/2027,Real estate activities,Female,2353,22686.94571,2368,0,0,0,0,0,0
1/1/2024,"Professional, scientific and technical activities",Female,4682,15202.21822,4519,0,0,0,0,0,0
1/1/2025,"Professional, scientific and technical activities",Female,5889,15383.8694,5805,0,0,0,0,0,0
1/1/2026,"Professional, scientific and technical activities",Female,5561,15816.97853,5520,0,0,0,0,0,0
1/1/2027,"Professional, scientific and technical activities",Female,5327,16049.32288,5300,0,0,0,0,0,0
1/1/2024,Administrative and support service activities,Female,23467,9610.613345,23227,0,0,0,0,0,0
1/1/2025,Administrative and support service activities,Female,27863,9469.149246,28078,0,0,0,0,0,0
1/1/2026,Administrative and support service activities,Female,25936,9475.236158,26456,0,0,0,0,0,0
1/1/2027,Administrative and support service activities,Female,24618,9615.67781,25283,0,0,0,0,0,0
1/1/2024,Public administration and defence; compulsory social security,Female,22682,27314.3311,22477,0,0,0,0,0,0
1/1/2025,Public administration and defence; compulsory social security,Female,27980,27341.08349,28094,0,0,0,0,0,0
1/1/2026,Public administration and defence; compulsory social security,Female,25448,27974.16719,25683,0,0,0,0,0,0
1/1/2027,Public administration and defence; compulsory social security,Female,23775,28392.52133,23934,0,0,0,0,0,0
1/1/2024,Education,Female,41005,24219.85152,40510,0,0,0,0,0,0
1/1/2025,Education,Female,50012,24345.45464,50067,0,0,0,0,0,0
1/1/2026,Education,Female,45102,24829.29358,45487,0,0,0,0,0,0
1/1/2027,Education,Female,42208,25212.67241,42521,0,0,0,0,0,0
1/1/2024,Human health and social work activities,Female,36364,19943.33114,35912,0,0,0,0,0,0
1/1/2025,Human health and social work activities,Female,43114,20192.67631,43229,0,0,0,0,0,0
1/1/2026,Human health and social work activities,Female,40265,20855.5546,40711,0,0,0,0,0,0
1/1/2027,Human health and social work activities,Female,37909,21236.97466,38410,0,0,0,0,0,0
1/1/2024,"Arts, entertainment and recreation",Female,2916,22122.11724,2885,0,0,0,0,0,0
1/1/2025,"Arts, entertainment and recreation",Female,3640,22421.78703,3676,0,0,0,0,0,0
1/1/2026,"Arts, entertainment and recreation",Female,3522,23007.73534,3585,0,0,0,0,0,0
1/1/2027,"Arts, entertainment and recreation",Female,3366,23451.06712,3441,0,0,0,0,0,0
1/1/2024,Other service activities,Female,4811,8567.303369,4774,0,0,0,0,0,0
1/1/2025,Other service activities,Female,6261,8701.669662,6323,0,0,0,0,0,0
1/1/2026,Other service activities,Female,5571,8756.344031,5676,0,0,0,0,0,0
1/1/2027,Other service activities,Female,5421,8865.329347,5528,0,0,0,0,0,0
1/1/2024,Activities of households as employers; undifferentiated goods- and services-producing activities of households for own use,Female,101492,3033.074963,100087,0,0,0,0,0,0
1/1/2025,Activities of households as employers; undifferentiated goods- and services-producing activities of households for own use,Female,125393,3037.923665,124850,0,0,0,0,0,0
1/1/2026,Activities of households as employers; undifferentiated goods- and services-producing activities of households for own use,Female,107330,3067.137945,107400,0,0,0,0,0,0
1/1/2027,Activities of households as employers; undifferentiated goods- and services-producing activities of households for own use,Female,97913,3103.054093,97159,0,0,0,0,0,0
1/1/2024,"Agriculture, forestry and fishing",Male,34242,4462.854013,33826,0,0,0,0,0,0
1/1/2025,"Agriculture, forestry and fishing",Male,41813,4533.858293,41814,0,0,0,0,0,0
1/1/2026,"Agriculture, forestry and fishing",Male,37777,4643.926305,38015,0,0,0,0,0,0
1/1/2027,"Agriculture, forestry and fishing",Male,35367,4742.577531,35504,0,0,0,0,0,0
1/1/2024,Mining and quarrying,Male,44583,32661.41794,43966,0,0,0,0,0,0
1/1/2025,Mining and quarrying,Male,63151,32517.93065,62979,0,0,0,0,0,0
1/1/2026,Mining and quarrying,Male,49021,33263.41286,49300,0,0,0,0,0,0
1/1/2027,Mining and quarrying,Male,43819,33720.54741,43345,0,0,0,0,0,0
1/1/2024,Manufacturing,Male,112074,9597.61937,110337,0,0,0,0,0,0
1/1/2025,Manufacturing,Male,140469,9641.222504,139709,0,0,0,0,0,0
1/1/2026,Manufacturing,Male,117414,9844.13391,117516,0,0,0,0,0,0
1/1/2027,Manufacturing,Male,106272,10011.05204,105574,0,0,0,0,0,0
1/1/2024,"Electricity, gas, steam and air conditioning supply",Male,15022,25456.07141,14992,0,0,0,0,0,0
1/1/2025,"Electricity, gas, steam and air conditioning supply",Male,19357,25605.03149,19635,0,0,0,0,0,0
1/1/2026,"Electricity, gas, steam and air conditioning supply",Male,17280,26134.34602,17690,0,0,0,0,0,0
1/1/2027,"Electricity, gas, steam and air conditioning supply",Male,16170,26648.55817,16556,0,0,0,0,0,0
1/1/2024,"Water supply; sewerage, waste management and remediation activities",Male,6966,23238.5154,7021,0,0,0,0,0,0
1/1/2025,"Water supply; sewerage, waste management and remediation activities",Male,9273,22949.14837,9528,0,0,0,0,0,0
1/1/2026,"Water supply; sewerage, waste management and remediation activities",Male,8464,23216.08807,8817,0,0,0,0,0,0
1/1/2027,"Water supply; sewerage, waste management and remediation activities",Male,7921,23421.49249,8311,0,0,0,0,0,0
1/1/2024,Construction,Male,626387,5982.291395,613210,0,0,0,0,0,0
1/1/2025,Construction,Male,756402,6035.508175,746551,0,0,0,0,0,0
1/1/2026,Construction,Male,616261,6131.779638,612427,0,0,0,0,0,0
1/1/2027,Construction,Male,543690,6224.779455,534467,0,0,0,0,0,0
1/1/2024,Wholesale and retail trade; repair of motor vehicles and motorcycles,Male,212801,7983.472765,207289,0,0,0,0,0,0
1/1/2025,Wholesale and retail trade; repair of motor vehicles and motorcycles,Male,257964,8007.545854,253677,0,0,0,0,0,0
1/1/2026,Wholesale and retail trade; repair of motor vehicles and motorcycles,Male,219900,8161.35404,217656,0,0,0,0,0,0
1/1/2027,Wholesale and retail trade; repair of motor vehicles and motorcycles,Male,198846,8251.245197,195491,0,0,0,0,0,0
1/1/2024,Transportation and storage,Male,100934,12080.75471,99434,0,0,0,0,0,0
1/1/2025,Transportation and storage,Male,118672,12328.22784,118522,0,0,0,0,0,0
1/1/2026,Transportation and storage,Male,107392,12734.40353,108259,0,0,0,0,0,0
1/1/2027,Transportation and storage,Male,99715,13030.34334,100737,0,0,0,0,0,0
1/1/2024,Accommodation and food service activities,Male,64285,6980.647208,63508,0,0,0,0,0,0
1/1/2025,Accommodation and food service activities,Male,77684,7041.733838,77710,0,0,0,0,0,0
1/1/2026,Accommodation and food service activities,Male,69417,7132.74317,69966,0,0,0,0,0,0
1/1/2027,Accommodation and food service activities,Male,65074,7272.901348,65518,0,0,0,0,0,0
1/1/2024,Information and communication,Male,18014,30011.75402,17778,0,0,0,0,0,0
1/1/2025,Information and communication,Male,22250,30159.36723,22277,0,0,0,0,0,0
1/1/2026,Information and communication,Male,20353,30951.831,20481,0,0,0,0,0,0
1/1/2027,Information and communication,Male,19230,31492.38649,19319,0,0,0,0,0,0
1/1/2024,Financial and insurance activities,Male,16575,29807.00054,16298,0,0,0,0,0,0
1/1/2025,Financial and insurance activities,Male,20369,30080.90369,20315,0,0,0,0,0,0
1/1/2026,Financial and insurance activities,Male,18785,30905.06097,18883,0,0,0,0,0,0
1/1/2027,Financial and insurance activities,Male,17715,31499.5094,17804,0,0,0,0,0,0
1/1/2024,Real estate activities,Male,17132,14873.11398,16527,0,0,0,0,0,0
1/1/2025,Real estate activities,Male,21212,15065.17652,20753,0,0,0,0,0,0
1/1/2026,Real estate activities,Male,19438,15470.15784,19168,0,0,0,0,0,0
1/1/2027,Real estate activities,Male,18325,15832.08201,18055,0,0,0,0,0,0
1/1/2024,"Professional, scientific and technical activities",Male,29091,16441.22363,28561,0,0,0,0,0,0
1/1/2025,"Professional, scientific and technical activities",Male,36910,16579.33266,36779,0,0,0,0,0,0
1/1/2026,"Professional, scientific and technical activities",Male,32157,17049.79838,32356,0,0,0,0,0,0
1/1/2027,"Professional, scientific and technical activities",Male,29721,17439.62208,29886,0,0,0,0,0,0
1/1/2024,Administrative and support service activities,Male,125784,5494.75936,124293,0,0,0,0,0,0
1/1/2025,Administrative and support service activities,Male,147463,5563.776503,147679,0,0,0,0,0,0
1/1/2026,Administrative and support service activities,Male,133245,5752.962524,134706,0,0,0,0,0,0
1/1/2027,Administrative and support service activities,Male,124151,5893.9248,125748,0,0,0,0,0,0
1/1/2024,Public administration and defence; compulsory social security,Male,84704,31936.41668,83667,0,0,0,0,0,0
1/1/2025,Public administration and defence; compulsory social security,Male,103797,32119.32838,103672,0,0,0,0,0,0
1/1/2026,Public administration and defence; compulsory social security,Male,90705,32788.23603,91193,0,0,0,0,0,0
1/1/2027,Public administration and defence; compulsory social security,Male,82964,33201.27416,82976,0,0,0,0,0,0
1/1/2024,Education,Male,26393,25048.96123,25890,0,0,0,0,0,0
1/1/2025,Education,Male,31860,25186.93299,31719,0,0,0,0,0,0
1/1/2026,Education,Male,29441,25533.65425,29499,0,0,0,0,0,0
1/1/2027,Education,Male,27525,25941.37161,27565,0,0,0,0,0,0
1/1/2024,Human health and social work activities,Male,40796,23075.72875,40118,0,0,0,0,0,0
1/1/2025,Human health and social work activities,Male,48225,23186.94755,48216,0,0,0,0,0,0
1/1/2026,Human health and social work activities,Male,44613,23781.5299,45013,0,0,0,0,0,0
1/1/2027,Human health and social work activities,Male,41979,24201.22787,42478,0,0,0,0,0,0
1/1/2024,"Arts, entertainment and recreation",Male,9558,23163.24156,9487,0,0,0,0,0,0
1/1/2025,"Arts, entertainment and recreation",Male,12277,23015.89542,12425,0,0,0,0,0,0
1/1/2026,"Arts, entertainment and recreation",Male,11312,23103.39875,11564,0,0,0,0,0,0
1/1/2027,"Arts, entertainment and recreation",Male,10581,23434.75157,10855,0,0,0,0,0,0
1/1/2024,Other service activities,Male,10927,11357.46926,10875,0,0,0,0,0,0
1/1/2025,Other service activities,Male,13911,11359.23878,14060,0,0,0,0,0,0
1/1/2026,Other service activities,Male,12705,11553.16589,12960,0,0,0,0,0,0
1/1/2027,Other service activities,Male,12026,11637.77509,12279,0,0,0,0,0,0
1/1/2024,Activities of households as employers; undifferentiated goods- and services-producing activities of households for own use,Male,65889,3042.561881,65123,0,0,0,0,0,0
1/1/2025,Activities of households as employers; undifferentiated goods- and services-producing activities of households for own use,Male,81374,3041.997906,81280,0,0,0,0,0,0
1/1/2026,Activities of households as employers; undifferentiated goods- and services-producing activities of households for own use,Male,70725,3068.429576,71007,0,0,0,0,0,0
1/1/2027,Activities of households as employers; undifferentiated goods- and services-producing activities of households for own use,Male,65270,3091.743204,65074,0,0,0,0,0,0
